Alpha-3,Alpha-2,Country,Population below 5m
ABW,AW,Aruba,31789.38252
ADO,AD,Andorra,0
AFG,AF,Afghanistan,0
AGO,AO,Angola,392510.1594
ALB,AL,Albania,262953.222
ARE,AE,United Arab Emirates,550046.58
ARG,AR,Argentina,1816287.361
ARM,AM,Armenia,0
ASM,AS,American Samoa,6743.296624
ATG,AG,Antigua and Barbuda,28659.79696
AUS,AU,Australia,1610848.979
AUT,AT,Austria,0
AZE,AZ,Azerbaijan,2694843.305
BDI,BI,Burundi,0
BEL,BE,Belgium,1558052.229
BEN,BJ,Benin,1245027.586
BFA,BF,Burkina Faso,0
BGD,BD,Bangladesh,20755681.79
BGR,BG,Bulgaria,115218.0284
BHR,BH,Bahrain,840828.1687
BHS,BS,"Bahamas, The",159558.8063
BIH,BA,Bosnia and Herzegovina,2978.201198
BLR,BY,Belarus,0
BLZ,BZ,Belize,54407.41353
BMU,BM,Bermuda,53142.34374
BOL,BO,Bolivia,0
BRA,BR,Brazil,9511036.682
BRB,BB,Barbados,42895.82915
BRN,BN,Brunei Darussalam,36861.02978
BTN,BT,Bhutan,0
BWA,BW,Botswana,0
CAF,CF,Central African Republic,0
CAN,CA,Canada,1361235.951
CHE,CH,Switzerland,0
CHL,CL,Chile,275474.5862
CHN,CN,China,107856087
CIV,CI,Cote d'Ivoire,640513.7163
CMR,CM,Cameroon,68359.88609
COG,CG,"Congo, Rep.",39061.00639
COK,CK,Cook Islands,12572.70691
COL,CO,Colombia,928015.2719
COM,KM,Comoros,103136.931
CPV,CV,Cape Verde,68667.58956
CRI,CR,Costa Rica,39122.13703
CUB,CU,Cuba,1130080.435
CYM,KY,Cayman Islands,33508.58722
CYP,CY,Cyprus,106636.2714
CZE,CZ,Czech Republic,0
DEU,DE,Germany,3609117.864
DJI,DJ,Djibouti,67784.55556
DMA,DM,Dominica,7069.86024
DNK,DK,Denmark,1026136.412
DOM,DO,Dominican Republic,296170.7714
DZA,DZ,Algeria,1252021.358
ECU,EC,Ecuador,1056212.204
EGY,EG,"Egypt, Arab Rep.",20772763.42
ERI,ER,Eritrea,64676.84943
ESP,ES,Spain,3045348.282
EST,EE,Estonia,96440.66006
ETH,ET,Ethiopia,327482.5482
FIN,FI,Finland,234188.9111
FJI,FJ,Fiji,94625.75704
FRA,FR,France,2619636.108
FRO,FO,Faeroe Islands,5376.51081
FSM,FM,"Micronesia, Fed. Sts.",60918.72617
GAB,GA,Gabon,89181.15916
GBR,GB,United Kingdom,5377728.038
GEO,GE,Georgia,145685.9089
GHA,GH,Ghana,561281.9465
GIB,GI,Gibraltar,29243.99708
GIN,GN,Guinea,362284.1048
GMB,GM,"Gambia, The",577481.4971
GNB,GW,Guinea-Bissau,284827.4134
GNQ,GQ,Equatorial Guinea,18372.91903
GRC,GR,Greece,1120691.359
GRD,GD,Grenada,22722.55802
GRL,GL,Greenland,29502.64102
GTM,GT,Guatemala,44537.28932
GUM,GU,Guam,47798.52911
GUY,GY,Guyana,236164.8348
HKG,HK,"Hong Kong SAR, China",1849969.086
HND,HN,Honduras,164567.4577
HRV,HR,Croatia,149808.3452
HTI,HT,Haiti,539249.7985
HUN,HU,Hungary,0
IDN,ID,Indonesia,26781590.12
IMY,IM,Isle of Man,23014.90904
IND,IN,India,44050605.59
IRL,IE,Ireland,296859.6479
IRN,IR,"Iran, Islamic Rep.",3682692.84
IRQ,IQ,Iraq,2078202.737
ISL,IS,Iceland,41544.57336
ISR,IL,Israel,629601.5737
ITA,IT,Italy,4560828.852
JAM,JM,Jamaica,157954.6234
JOR,JO,Jordan,253217.0365
JPN,JP,Japan,20684776.16
KAZ,KZ,Kazakhstan,633063.5558
KEN,KE,Kenya,547698.2402
KGZ,KG,Kyrgyz Republic,0
KHM,KH,Cambodia,1495704.376
KIR,KI,Kiribati,94788.93557
KNA,KN,St. Kitts and Nevis,11591.14423
KOR,KR,"Korea, Rep.",2424372.04
KWT,KW,Kuwait,623527.9877
LAO,LA,Lao PDR,0
LBN,LB,Lebanon,385343.1836
LBR,LR,Liberia,133642.3236
LBY,LY,Libya,299483.4455
LCA,LC,St. Lucia,13962.26982
LIE,LI,Liechtenstein,0
LKA,LK,Sri Lanka,1135252.452
LSO,LS,Lesotho,0
LTU,LT,Lithuania,133158.8701
LUX,LU,Luxembourg,0
LVA,LV,Latvia,537018.4621
MAC,MO,"Macao SAR, China",434371.1951
MAR,MA,Morocco,1198278.277
MCO,MC,Monaco,35406.99646
MDA,MD,Moldova,33490.40719
MDG,MG,Madagascar,421478.1606
MDV,MV,Maldives,315885
MEX,MX,Mexico,3076111.297
MHL,MH,Marshall Islands,53729.17823
MKD,MK,"Macedonia, FYR",0
MLI,ML,Mali,0
MLT,MT,Malta,90121.92439
MMR,MM,Myanmar,6725949.099
MNG,MN,Mongolia,0
MNP,MP,Northern Mariana Islands,23928.55092
MOZ,MZ,Mozambique,1515674.323
MRT,MR,Mauritania,706832.6618
MUS,MU,Mauritius,72328.20738
MWI,MW,Malawi,0
MYS,MY,Malaysia,2691965.687
MYT,YT,Mayotte,44013.7754
NAM,NA,Namibia,66288.74308
NCL,NC,New Caledonia,87087.9386
NER,NE,Niger,0
NGA,NG,Nigeria,4802839.566
NIC,NI,Nicaragua,84612.00343
NIU,NU,Niue,153.2248488
NLD,NL,Netherlands,10187293.43
NOR,NO,Norway,456194.0679
NPL,NP,Nepal,0
NRU,NR,Nauru,4138.795966
NZL,NZ,New Zealand,548561.6112
OMN,OM,Oman,152602.9258
PAK,PK,Pakistan,2214044.725
PAN,PA,Panama,139018.1362
PER,PE,Peru,498607.8077
PHL,PH,Philippines,9822161.963
PLW,PW,Palau,11376.57701
PNG,PG,Papua New Guinea,138601.1666
POL,PL,Poland,951771.5853
PRI,PR,Puerto Rico,449633.5109
PRK,KP,"Korea, Dem. Rep.",1282004.493
PRT,PT,Portugal,558580.9956
PRY,PY,Paraguay,0
PYF,PF,French Polynesia,53727.99836
QAT,QA,Qatar,405870.8566
ROM,RO,Romania,620095.0535
RUS,RU,Russian Federation,4079207.79
RWA,RW,Rwanda,0
SAU,SA,Saudi Arabia,280469.2089
SDN,SD,Sudan,97457.52849
SEN,SN,Senegal,1836620.777
SGP,SG,Singapore,611755.5494
SLB,SB,Solomon Islands,72059.30876
SLE,SL,Sierra Leone,296726.8697
SLV,SV,El Salvador,106756.4235
SMR,SM,San Marino,0
SOM,SO,Somalia,200740.4612
SRB,RS,Serbia,6588.72174
STP,ST,Sao Tome and Principe,18349.22588
SUR,SR,Suriname,357899.072
SVK,SK,Slovak Republic,0
SVN,SI,Slovenia,26770.55127
SWE,SE,Sweden,592037.7517
SWZ,SZ,Swaziland,0
SYC,SC,Seychelles,35764.95301
SYR,SY,Syrian Arab Republic,62365.59117
TCA,TC,Turks and Caicos Islands,20432.20752
TCD,TD,Chad,0
TGO,TG,Togo,368795.5703
THA,TH,Thailand,9523066.949
TJK,TJ,Tajikistan,0
TKM,TM,Turkmenistan,284172.0315
TMP,TL,Timor-Leste,49400.06605
TON,TO,Tonga,32581.26739
TTO,TT,Trinidad and Tobago,100045.7085
TUN,TN,Tunisia,1004957.796
TUR,TR,Turkey,1733996.375
TUV,TV,Tuvalu,9826.996069
TZA,TZ,Tanzania,579658.9412
UGA,UG,Uganda,0
UKR,UA,Ukraine,948082.6913
URY,UY,Uruguay,157992.0928
USA,US,United States,12679223.85
UZB,UZ,Uzbekistan,143.9960367
VCT,VC,St. Vincent and the Grenadines,24007.03401
VEN,VE,"Venezuela, RB",1060929.73
VIR,VI,Virgin Islands (U.S.),24084.36056
VNM,VN,Vietnam,37218291.54
VUT,VU,Vanuatu,25980.46905
WBG,PS,West Bank and Gaza,466501.116
WSM,WS,Samoa,28646.48268
YEM,YE,"Yemen, Rep.",443598.351
ZAF,ZA,South Africa,247978.0443
ZAR,CD,"Congo, Dem. Rep.",24372.02606
ZMB,ZM,Zambia,0
ZWE,ZW,Zimbabwe,0
