"Data Source","World Development Indicators",

"Country Name","Country Code","Indicator Name","Indicator Code","1960","1961","1962","1963","1964","1965","1966","1967","1968","1969","1970","1971","1972","1973","1974","1975","1976","1977","1978","1979","1980","1981","1982","1983","1984","1985","1986","1987","1988","1989","1990","1991","1992","1993","1994","1995","1996","1997","1998","1999","2000","2001","2002","2003","2004","2005","2006","2007","2008","2009","2010","2011","2012","2013",
"Aruba","ABW","Population living in areas where elevation is below 5 meters (% of total population)","EN.POP.EL5M.ZS","","","","","","","","","","","","","","","","","","","","","","","","","","","","","","","29.57482","","","","","","","","","","29.57482","","","","","","","","","","","","","",
"Andorra","AND","Population living in areas where elevation is below 5 meters (% of total population)","EN.POP.EL5M.ZS","","","","","","","","","","","","","","","","","","","","","","","","","","","","","","","0","","","","","","","","","","0","","","","","","","","","","","","","",
"Afghanistan","AFG","Population living in areas where elevation is below 5 meters (% of total population)","EN.POP.EL5M.ZS","","","","","","","","","","","","","","","","","","","","","","","","","","","","","","","0","","","","","","","","","","0","","","","","","","","","","","","","",
"Angola","AGO","Population living in areas where elevation is below 5 meters (% of total population)","EN.POP.EL5M.ZS","","","","","","","","","","","","","","","","","","","","","","","","","","","","","","","2.057264","","","","","","","","","","2.056975","","","","","","","","","","","","","",
"Albania","ALB","Population living in areas where elevation is below 5 meters (% of total population)","EN.POP.EL5M.ZS","","","","","","","","","","","","","","","","","","","","","","","","","","","","","","","7.40137","","","","","","","","","","8.206302","","","","","","","","","","","","","",
"Andean Region","ANR","Population living in areas where elevation is below 5 meters (% of total population)","EN.POP.EL5M.ZS","","","","","","","","","","","","","","","","","","","","","","","","","","","","","","","","","","","","","","","","","","","","","","","","","","","","","","",
"Arab World","ARB","Population living in areas where elevation is below 5 meters (% of total population)","EN.POP.EL5M.ZS","","","","","","","","","","","","","","","","","","","","","","","","","","","","","","","9.55660024718297","","","","","","","","","","9.18582471235869","","","","","","","","","","","","","",
"United Arab Emirates","ARE","Population living in areas where elevation is below 5 meters (% of total population)","EN.POP.EL5M.ZS","","","","","","","","","","","","","","","","","","","","","","","","","","","","","","","6.900407","","","","","","","","","","7.322541","","","","","","","","","","","","","",
"Argentina","ARG","Population living in areas where elevation is below 5 meters (% of total population)","EN.POP.EL5M.ZS","","","","","","","","","","","","","","","","","","","","","","","","","","","","","","","4.625538","","","","","","","","","","4.494384","","","","","","","","","","","","","",
"Armenia","ARM","Population living in areas where elevation is below 5 meters (% of total population)","EN.POP.EL5M.ZS","","","","","","","","","","","","","","","","","","","","","","","","","","","","","","","0","","","","","","","","","","0","","","","","","","","","","","","","",
"American Samoa","ASM","Population living in areas where elevation is below 5 meters (% of total population)","EN.POP.EL5M.ZS","","","","","","","","","","","","","","","","","","","","","","","","","","","","","","","10.85896","","","","","","","","","","9.855739","","","","","","","","","","","","","",
"Antigua and Barbuda","ATG","Population living in areas where elevation is below 5 meters (% of total population)","EN.POP.EL5M.ZS","","","","","","","","","","","","","","","","","","","","","","","","","","","","","","","32.30729","","","","","","","","","","32.30729","","","","","","","","","","","","","",
"Australia","AUS","Population living in areas where elevation is below 5 meters (% of total population)","EN.POP.EL5M.ZS","","","","","","","","","","","","","","","","","","","","","","","","","","","","","","","7.005713","","","","","","","","","","7.214221","","","","","","","","","","","","","",
"Austria","AUT","Population living in areas where elevation is below 5 meters (% of total population)","EN.POP.EL5M.ZS","","","","","","","","","","","","","","","","","","","","","","","","","","","","","","","0","","","","","","","","","","0","","","","","","","","","","","","","",
"Azerbaijan","AZE","Population living in areas where elevation is below 5 meters (% of total population)","EN.POP.EL5M.ZS","","","","","","","","","","","","","","","","","","","","","","","","","","","","","","","29.77825","","","","","","","","","","29.78408","","","","","","","","","","","","","",
"Burundi","BDI","Population living in areas where elevation is below 5 meters (% of total population)","EN.POP.EL5M.ZS","","","","","","","","","","","","","","","","","","","","","","","","","","","","","","","0","","","","","","","","","","0","","","","","","","","","","","","","",
"Belgium","BEL","Population living in areas where elevation is below 5 meters (% of total population)","EN.POP.EL5M.ZS","","","","","","","","","","","","","","","","","","","","","","","","","","","","","","","14.5422","","","","","","","","","","14.32144","","","","","","","","","","","","","",
"Benin","BEN","Population living in areas where elevation is below 5 meters (% of total population)","EN.POP.EL5M.ZS","","","","","","","","","","","","","","","","","","","","","","","","","","","","","","","14.06841","","","","","","","","","","14.06828","","","","","","","","","","","","","",
"Burkina Faso","BFA","Population living in areas where elevation is below 5 meters (% of total population)","EN.POP.EL5M.ZS","","","","","","","","","","","","","","","","","","","","","","","","","","","","","","","0","","","","","","","","","","0","","","","","","","","","","","","","",
"Bangladesh","BGD","Population living in areas where elevation is below 5 meters (% of total population)","EN.POP.EL5M.ZS","","","","","","","","","","","","","","","","","","","","","","","","","","","","","","","14.08317","","","","","","","","","","13.95883","","","","","","","","","","","","","",
"Bulgaria","BGR","Population living in areas where elevation is below 5 meters (% of total population)","EN.POP.EL5M.ZS","","","","","","","","","","","","","","","","","","","","","","","","","","","","","","","1.452436","","","","","","","","","","1.527417","","","","","","","","","","","","","",
"Bahrain","BHR","Population living in areas where elevation is below 5 meters (% of total population)","EN.POP.EL5M.ZS","","","","","","","","","","","","","","","","","","","","","","","","","","","","","","","70.48661","","","","","","","","","","66.63535","","","","","","","","","","","","","",
"Bahamas, The","BHS","Population living in areas where elevation is below 5 meters (% of total population)","EN.POP.EL5M.ZS","","","","","","","","","","","","","","","","","","","","","","","","","","","","","","","48.88346","","","","","","","","","","46.53529","","","","","","","","","","","","","",
"Bosnia and Herzegovina","BIH","Population living in areas where elevation is below 5 meters (% of total population)","EN.POP.EL5M.ZS","","","","","","","","","","","","","","","","","","","","","","","","","","","","","","","0.08228393","","","","","","","","","","0.07920434","","","","","","","","","","","","","",
"Belarus","BLR","Population living in areas where elevation is below 5 meters (% of total population)","EN.POP.EL5M.ZS","","","","","","","","","","","","","","","","","","","","","","","","","","","","","","","0","","","","","","","","","","0","","","","","","","","","","","","","",
"Belize","BLZ","Population living in areas where elevation is below 5 meters (% of total population)","EN.POP.EL5M.ZS","","","","","","","","","","","","","","","","","","","","","","","","","","","","","","","16.90529","","","","","","","","","","15.78399","","","","","","","","","","","","","",
"Bermuda","BMU","Population living in areas where elevation is below 5 meters (% of total population)","EN.POP.EL5M.ZS","","","","","","","","","","","","","","","","","","","","","","","","","","","","","","","82.26369","","","","","","","","","","82.26369","","","","","","","","","","","","","",
"Bolivia","BOL","Population living in areas where elevation is below 5 meters (% of total population)","EN.POP.EL5M.ZS","","","","","","","","","","","","","","","","","","","","","","","","","","","","","","","0","","","","","","","","","","0","","","","","","","","","","","","","",
"Brazil","BRA","Population living in areas where elevation is below 5 meters (% of total population)","EN.POP.EL5M.ZS","","","","","","","","","","","","","","","","","","","","","","","","","","","","","","","4.745497","","","","","","","","","","4.878794","","","","","","","","","","","","","",
"Barbados","BRB","Population living in areas where elevation is below 5 meters (% of total population)","EN.POP.EL5M.ZS","","","","","","","","","","","","","","","","","","","","","","","","","","","","","","","15.69373","","","","","","","","","","15.69373","","","","","","","","","","","","","",
"Brunei Darussalam","BRN","Population living in areas where elevation is below 5 meters (% of total population)","EN.POP.EL5M.ZS","","","","","","","","","","","","","","","","","","","","","","","","","","","","","","","8.85752","","","","","","","","","","9.240206","","","","","","","","","","","","","",
"Bhutan","BTN","Population living in areas where elevation is below 5 meters (% of total population)","EN.POP.EL5M.ZS","","","","","","","","","","","","","","","","","","","","","","","","","","","","","","","0","","","","","","","","","","0","","","","","","","","","","","","","",
"Botswana","BWA","Population living in areas where elevation is below 5 meters (% of total population)","EN.POP.EL5M.ZS","","","","","","","","","","","","","","","","","","","","","","","","","","","","","","","0","","","","","","","","","","0","","","","","","","","","","","","","",
"Sub-Saharan Africa (IFC classification)","CAA","Population living in areas where elevation is below 5 meters (% of total population)","EN.POP.EL5M.ZS","","","","","","","","","","","","","","","","","","","","","","","","","","","","","","","","","","","","","","","","","","","","","","","","","","","","","","",
"Central African Republic","CAF","Population living in areas where elevation is below 5 meters (% of total population)","EN.POP.EL5M.ZS","","","","","","","","","","","","","","","","","","","","","","","","","","","","","","","0","","","","","","","","","","0","","","","","","","","","","","","","",
"Canada","CAN","Population living in areas where elevation is below 5 meters (% of total population)","EN.POP.EL5M.ZS","","","","","","","","","","","","","","","","","","","","","","","","","","","","","","","3.943848","","","","","","","","","","3.99087","","","","","","","","","","","","","",
"East Asia and the Pacific (IFC classification)","CEA","Population living in areas where elevation is below 5 meters (% of total population)","EN.POP.EL5M.ZS","","","","","","","","","","","","","","","","","","","","","","","","","","","","","","","","","","","","","","","","","","","","","","","","","","","","","","",
"Central Europe and the Baltics","CEB","Population living in areas where elevation is below 5 meters (% of total population)","EN.POP.EL5M.ZS","","","","","","","","","","","","","","","","","","","","","","","","","","","","","","","2.57038383857554","","","","","","","","","","2.50074665723259","","","","","","","","","","","","","",
"Europe and Central Asia (IFC classification)","CEU","Population living in areas where elevation is below 5 meters (% of total population)","EN.POP.EL5M.ZS","","","","","","","","","","","","","","","","","","","","","","","","","","","","","","","","","","","","","","","","","","","","","","","","","","","","","","",
"Switzerland","CHE","Population living in areas where elevation is below 5 meters (% of total population)","EN.POP.EL5M.ZS","","","","","","","","","","","","","","","","","","","","","","","","","","","","","","","0","","","","","","","","","","0","","","","","","","","","","","","","",
"Channel Islands","CHI","Population living in areas where elevation is below 5 meters (% of total population)","EN.POP.EL5M.ZS","","","","","","","","","","","","","","","","","","","","","","","","","","","","","","","","","","","","","","","","","","","","","","","","","","","","","","",
"Chile","CHL","Population living in areas where elevation is below 5 meters (% of total population)","EN.POP.EL5M.ZS","","","","","","","","","","","","","","","","","","","","","","","","","","","","","","","1.706311","","","","","","","","","","1.609674","","","","","","","","","","","","","",
"China","CHN","Population living in areas where elevation is below 5 meters (% of total population)","EN.POP.EL5M.ZS","","","","","","","","","","","","","","","","","","","","","","","","","","","","","","","7.635574","","","","","","","","","","8.059189","","","","","","","","","","","","","",
"Cote d'Ivoire","CIV","Population living in areas where elevation is below 5 meters (% of total population)","EN.POP.EL5M.ZS","","","","","","","","","","","","","","","","","","","","","","","","","","","","","","","3.355851","","","","","","","","","","3.245112","","","","","","","","","","","","","",
"Latin America and the Caribbean (IFC classification)","CLA","Population living in areas where elevation is below 5 meters (% of total population)","EN.POP.EL5M.ZS","","","","","","","","","","","","","","","","","","","","","","","","","","","","","","","","","","","","","","","","","","","","","","","","","","","","","","",
"Middle East and North Africa (IFC classification)","CME","Population living in areas where elevation is below 5 meters (% of total population)","EN.POP.EL5M.ZS","","","","","","","","","","","","","","","","","","","","","","","","","","","","","","","","","","","","","","","","","","","","","","","","","","","","","","",
"Cameroon","CMR","Population living in areas where elevation is below 5 meters (% of total population)","EN.POP.EL5M.ZS","","","","","","","","","","","","","","","","","","","","","","","","","","","","","","","0.3487158","","","","","","","","","","0.3487947","","","","","","","","","","","","","",
"Congo, Rep.","COG","Population living in areas where elevation is below 5 meters (% of total population)","EN.POP.EL5M.ZS","","","","","","","","","","","","","","","","","","","","","","","","","","","","","","","0.9667999","","","","","","","","","","0.9661633","","","","","","","","","","","","","",
"Colombia","COL","Population living in areas where elevation is below 5 meters (% of total population)","EN.POP.EL5M.ZS","","","","","","","","","","","","","","","","","","","","","","","","","","","","","","","2.082108","","","","","","","","","","2.004576","","","","","","","","","","","","","",
"Comoros","COM","Population living in areas where elevation is below 5 meters (% of total population)","EN.POP.EL5M.ZS","","","","","","","","","","","","","","","","","","","","","","","","","","","","","","","14.03837","","","","","","","","","","14.03701","","","","","","","","","","","","","",
"Cabo Verde","CPV","Population living in areas where elevation is below 5 meters (% of total population)","EN.POP.EL5M.ZS","","","","","","","","","","","","","","","","","","","","","","","","","","","","","","","13.75433","","","","","","","","","","13.8443","","","","","","","","","","","","","",
"Costa Rica","CRI","Population living in areas where elevation is below 5 meters (% of total population)","EN.POP.EL5M.ZS","","","","","","","","","","","","","","","","","","","","","","","","","","","","","","","0.899192","","","","","","","","","","0.8397314","","","","","","","","","","","","","",
"South Asia (IFC classification)","CSA","Population living in areas where elevation is below 5 meters (% of total population)","EN.POP.EL5M.ZS","","","","","","","","","","","","","","","","","","","","","","","","","","","","","","","","","","","","","","","","","","","","","","","","","","","","","","",
"Caribbean small states","CSS","Population living in areas where elevation is below 5 meters (% of total population)","EN.POP.EL5M.ZS","","","","","","","","","","","","","","","","","","","","","","","","","","","","","","","16.9727477174538","","","","","","","","","","17.3566303136971","","","","","","","","","","","","","",
"Cuba","CUB","Population living in areas where elevation is below 5 meters (% of total population)","EN.POP.EL5M.ZS","","","","","","","","","","","","","","","","","","","","","","","","","","","","","","","10.65563","","","","","","","","","","10.03804","","","","","","","","","","","","","",
"Curacao","CUW","Population living in areas where elevation is below 5 meters (% of total population)","EN.POP.EL5M.ZS","","","","","","","","","","","","","","","","","","","","","","","","","","","","","","","","","","","","","","","","","","","","","","","","","","","","","","",
"Cayman Islands","CYM","Population living in areas where elevation is below 5 meters (% of total population)","EN.POP.EL5M.ZS","","","","","","","","","","","","","","","","","","","","","","","","","","","","","","","59.50253","","","","","","","","","","59.59201","","","","","","","","","","","","","",
"Cyprus","CYP","Population living in areas where elevation is below 5 meters (% of total population)","EN.POP.EL5M.ZS","","","","","","","","","","","","","","","","","","","","","","","","","","","","","","","9.54782","","","","","","","","","","9.662172","","","","","","","","","","","","","",
"Czech Republic","CZE","Population living in areas where elevation is below 5 meters (% of total population)","EN.POP.EL5M.ZS","","","","","","","","","","","","","","","","","","","","","","","","","","","","","","","0","","","","","","","","","","0","","","","","","","","","","","","","",
"Germany","DEU","Population living in areas where elevation is below 5 meters (% of total population)","EN.POP.EL5M.ZS","","","","","","","","","","","","","","","","","","","","","","","","","","","","","","","4.408065","","","","","","","","","","4.417399","","","","","","","","","","","","","",
"Djibouti","DJI","Population living in areas where elevation is below 5 meters (% of total population)","EN.POP.EL5M.ZS","","","","","","","","","","","","","","","","","","","","","","","","","","","","","","","7.420453","","","","","","","","","","7.627246","","","","","","","","","","","","","",
"Dominica","DMA","Population living in areas where elevation is below 5 meters (% of total population)","EN.POP.EL5M.ZS","","","","","","","","","","","","","","","","","","","","","","","","","","","","","","","10.68151","","","","","","","","","","10.43414","","","","","","","","","","","","","",
"Denmark","DNK","Population living in areas where elevation is below 5 meters (% of total population)","EN.POP.EL5M.ZS","","","","","","","","","","","","","","","","","","","","","","","","","","","","","","","18.57557","","","","","","","","","","18.50849","","","","","","","","","","","","","",
"Dominican Republic","DOM","Population living in areas where elevation is below 5 meters (% of total population)","EN.POP.EL5M.ZS","","","","","","","","","","","","","","","","","","","","","","","","","","","","","","","2.913546","","","","","","","","","","2.983391","","","","","","","","","","","","","",
"Algeria","DZA","Population living in areas where elevation is below 5 meters (% of total population)","EN.POP.EL5M.ZS","","","","","","","","","","","","","","","","","","","","","","","","","","","","","","","3.404253","","","","","","","","","","3.529982","","","","","","","","","","","","","",
"East Asia & Pacific (developing only)","EAP","Population living in areas where elevation is below 5 meters (% of total population)","EN.POP.EL5M.ZS","","","","","","","","","","","","","","","","","","","","","","","","","","","","","","","9.92254633607024","","","","","","","","","","10.3292024466169","","","","","","","","","","","","","",
"East Asia & Pacific (all income levels)","EAS","Population living in areas where elevation is below 5 meters (% of total population)","EN.POP.EL5M.ZS","","","","","","","","","","","","","","","","","","","","","","","","","","","","","","","10.3411362281561","","","","","","","","","","10.6475375848615","","","","","","","","","","","","","",
"Europe & Central Asia (developing only)","ECA","Population living in areas where elevation is below 5 meters (% of total population)","EN.POP.EL5M.ZS","","","","","","","","","","","","","","","","","","","","","","","","","","","","","","","2.64507852696266","","","","","","","","","","2.74302324095718","","","","","","","","","","","","","",
"Europe & Central Asia (all income levels)","ECS","Population living in areas where elevation is below 5 meters (% of total population)","EN.POP.EL5M.ZS","","","","","","","","","","","","","","","","","","","","","","","","","","","","","","","5.44337230851092","","","","","","","","","","5.44129176614099","","","","","","","","","","","","","",
"Ecuador","ECU","Population living in areas where elevation is below 5 meters (% of total population)","EN.POP.EL5M.ZS","","","","","","","","","","","","","","","","","","","","","","","","","","","","","","","7.094317","","","","","","","","","","7.301979","","","","","","","","","","","","","",
"Egypt, Arab Rep.","EGY","Population living in areas where elevation is below 5 meters (% of total population)","EN.POP.EL5M.ZS","","","","","","","","","","","","","","","","","","","","","","","","","","","","","","","25.64932","","","","","","","","","","25.60711","","","","","","","","","","","","","",
"Euro area","EMU","Population living in areas where elevation is below 5 meters (% of total population)","EN.POP.EL5M.ZS","","","","","","","","","","","","","","","","","","","","","","","","","","","","","","","8.53724018566163","","","","","","","","","","8.5787613832514","","","","","","","","","","","","","",
"Eritrea","ERI","Population living in areas where elevation is below 5 meters (% of total population)","EN.POP.EL5M.ZS","","","","","","","","","","","","","","","","","","","","","","","","","","","","","","","1.228486","","","","","","","","","","1.231078","","","","","","","","","","","","","",
"Spain","ESP","Population living in areas where elevation is below 5 meters (% of total population)","EN.POP.EL5M.ZS","","","","","","","","","","","","","","","","","","","","","","","","","","","","","","","6.553566","","","","","","","","","","6.608603","","","","","","","","","","","","","",
"Estonia","EST","Population living in areas where elevation is below 5 meters (% of total population)","EN.POP.EL5M.ZS","","","","","","","","","","","","","","","","","","","","","","","","","","","","","","","7.237","","","","","","","","","","7.198966","","","","","","","","","","","","","",
"Ethiopia","ETH","Population living in areas where elevation is below 5 meters (% of total population)","EN.POP.EL5M.ZS","","","","","","","","","","","","","","","","","","","","","","","","","","","","","","","0.3948163","","","","","","","","","","0.3947973","","","","","","","","","","","","","",
"European Union","EUU","Population living in areas where elevation is below 5 meters (% of total population)","EN.POP.EL5M.ZS","","","","","","","","","","","","","","","","","","","","","","","","","","","","","","","7.27167309888835","","","","","","","","","","7.35753297275851","","","","","","","","","","","","","",
"Fragile and conflict affected situations","FCS","Population living in areas where elevation is below 5 meters (% of total population)","EN.POP.EL5M.ZS","","","","","","","","","","","","","","","","","","","","","","","","","","","","","","","4.03969809113156","","","","","","","","","","3.75778245976929","","","","","","","","","","","","","",
"Finland","FIN","Population living in areas where elevation is below 5 meters (% of total population)","EN.POP.EL5M.ZS","","","","","","","","","","","","","","","","","","","","","","","","","","","","","","","4.337044","","","","","","","","","","4.366244","","","","","","","","","","","","","",
"Fiji","FJI","Population living in areas where elevation is below 5 meters (% of total population)","EN.POP.EL5M.ZS","","","","","","","","","","","","","","","","","","","","","","","","","","","","","","","10.99511","","","","","","","","","","10.99503","","","","","","","","","","","","","",
"France","FRA","Population living in areas where elevation is below 5 meters (% of total population)","EN.POP.EL5M.ZS","","","","","","","","","","","","","","","","","","","","","","","","","","","","","","","4.010109","","","","","","","","","","4.037874","","","","","","","","","","","","","",
"Faeroe Islands","FRO","Population living in areas where elevation is below 5 meters (% of total population)","EN.POP.EL5M.ZS","","","","","","","","","","","","","","","","","","","","","","","","","","","","","","","11.03939","","","","","","","","","","11.03825","","","","","","","","","","","","","",
"Micronesia, Fed. Sts.","FSM","Population living in areas where elevation is below 5 meters (% of total population)","EN.POP.EL5M.ZS","","","","","","","","","","","","","","","","","","","","","","","","","","","","","","","55.39294","","","","","","","","","","54.85011","","","","","","","","","","","","","",
"Gabon","GAB","Population living in areas where elevation is below 5 meters (% of total population)","EN.POP.EL5M.ZS","","","","","","","","","","","","","","","","","","","","","","","","","","","","","","","5.923736","","","","","","","","","","5.923836","","","","","","","","","","","","","",
"United Kingdom","GBR","Population living in areas where elevation is below 5 meters (% of total population)","EN.POP.EL5M.ZS","","","","","","","","","","","","","","","","","","","","","","","","","","","","","","","8.674301","","","","","","","","","","8.643258","","","","","","","","","","","","","",
"Georgia","GEO","Population living in areas where elevation is below 5 meters (% of total population)","EN.POP.EL5M.ZS","","","","","","","","","","","","","","","","","","","","","","","","","","","","","","","3.306834","","","","","","","","","","3.271782","","","","","","","","","","","","","",
"Ghana","GHA","Population living in areas where elevation is below 5 meters (% of total population)","EN.POP.EL5M.ZS","","","","","","","","","","","","","","","","","","","","","","","","","","","","","","","2.322335","","","","","","","","","","2.301107","","","","","","","","","","","","","",
"Guinea","GIN","Population living in areas where elevation is below 5 meters (% of total population)","EN.POP.EL5M.ZS","","","","","","","","","","","","","","","","","","","","","","","","","","","","","","","4.880878","","","","","","","","","","3.629523","","","","","","","","","","","","","",
"Gambia, The","GMB","Population living in areas where elevation is below 5 meters (% of total population)","EN.POP.EL5M.ZS","","","","","","","","","","","","","","","","","","","","","","","","","","","","","","","32.05582","","","","","","","","","","33.41145","","","","","","","","","","","","","",
"Guinea-Bissau","GNB","Population living in areas where elevation is below 5 meters (% of total population)","EN.POP.EL5M.ZS","","","","","","","","","","","","","","","","","","","","","","","","","","","","","","","18.80467","","","","","","","","","","18.79771","","","","","","","","","","","","","",
"Equatorial Guinea","GNQ","Population living in areas where elevation is below 5 meters (% of total population)","EN.POP.EL5M.ZS","","","","","","","","","","","","","","","","","","","","","","","","","","","","","","","2.427399","","","","","","","","","","2.6232","","","","","","","","","","","","","",
"Greece","GRC","Population living in areas where elevation is below 5 meters (% of total population)","EN.POP.EL5M.ZS","","","","","","","","","","","","","","","","","","","","","","","","","","","","","","","9.97527","","","","","","","","","","9.900933","","","","","","","","","","","","","",
"Grenada","GRD","Population living in areas where elevation is below 5 meters (% of total population)","EN.POP.EL5M.ZS","","","","","","","","","","","","","","","","","","","","","","","","","","","","","","","21.74677","","","","","","","","","","21.74678","","","","","","","","","","","","","",
"Greenland","GRL","Population living in areas where elevation is below 5 meters (% of total population)","EN.POP.EL5M.ZS","","","","","","","","","","","","","","","","","","","","","","","","","","","","","","","52.1651","","","","","","","","","","52.18566","","","","","","","","","","","","","",
"Guatemala","GTM","Population living in areas where elevation is below 5 meters (% of total population)","EN.POP.EL5M.ZS","","","","","","","","","","","","","","","","","","","","","","","","","","","","","","","0.3474334","","","","","","","","","","0.3095247","","","","","","","","","","","","","",
"Guam","GUM","Population living in areas where elevation is below 5 meters (% of total population)","EN.POP.EL5M.ZS","","","","","","","","","","","","","","","","","","","","","","","","","","","","","","","26.57025","","","","","","","","","","26.57009","","","","","","","","","","","","","",
"Guyana","GUY","Population living in areas where elevation is below 5 meters (% of total population)","EN.POP.EL5M.ZS","","","","","","","","","","","","","","","","","","","","","","","","","","","","","","","31.19556","","","","","","","","","","31.30113","","","","","","","","","","","","","",
"High income","HIC","Population living in areas where elevation is below 5 meters (% of total population)","EN.POP.EL5M.ZS","","","","","","","","","","","","","","","","","","","","","","","","","","","","","","","7.27071167922102","","","","","","","","","","7.14336283845193","","","","","","","","","","","","","",
"Hong Kong SAR, China","HKG","Population living in areas where elevation is below 5 meters (% of total population)","EN.POP.EL5M.ZS","","","","","","","","","","","","","","","","","","","","","","","","","","","","","","","25.8055","","","","","","","","","","26.17461","","","","","","","","","","","","","",
"Honduras","HND","Population living in areas where elevation is below 5 meters (% of total population)","EN.POP.EL5M.ZS","","","","","","","","","","","","","","","","","","","","","","","","","","","","","","","2.158211","","","","","","","","","","2.165212","","","","","","","","","","","","","",
"Heavily indebted poor countries (HIPC)","HPC","Population living in areas where elevation is below 5 meters (% of total population)","EN.POP.EL5M.ZS","","","","","","","","","","","","","","","","","","","","","","","","","","","","","","","1.96395513782462","","","","","","","","","","1.9224891999717","","","","","","","","","","","","","",
"Croatia","HRV","Population living in areas where elevation is below 5 meters (% of total population)","EN.POP.EL5M.ZS","","","","","","","","","","","","","","","","","","","","","","","","","","","","","","","3.384269","","","","","","","","","","3.386141","","","","","","","","","","","","","",
"Haiti","HTI","Population living in areas where elevation is below 5 meters (% of total population)","EN.POP.EL5M.ZS","","","","","","","","","","","","","","","","","","","","","","","","","","","","","","","5.365527","","","","","","","","","","5.396142","","","","","","","","","","","","","",
"Hungary","HUN","Population living in areas where elevation is below 5 meters (% of total population)","EN.POP.EL5M.ZS","","","","","","","","","","","","","","","","","","","","","","","","","","","","","","","0","","","","","","","","","","0","","","","","","","","","","","","","",
"Indonesia","IDN","Population living in areas where elevation is below 5 meters (% of total population)","EN.POP.EL5M.ZS","","","","","","","","","","","","","","","","","","","","","","","","","","","","","","","11.24608","","","","","","","","","","11.165","","","","","","","","","","","","","",
"Isle of Man","IMN","Population living in areas where elevation is below 5 meters (% of total population)","EN.POP.EL5M.ZS","","","","","","","","","","","","","","","","","","","","","","","","","","","","","","","28.17473","","","","","","","","","","27.77264","","","","","","","","","","","","","",
"India","IND","Population living in areas where elevation is below 5 meters (% of total population)","EN.POP.EL5M.ZS","","","","","","","","","","","","","","","","","","","","","","","","","","","","","","","3.884644","","","","","","","","","","3.761993","","","","","","","","","","","","","",
"Not classified","INX","Population living in areas where elevation is below 5 meters (% of total population)","EN.POP.EL5M.ZS","","","","","","","","","","","","","","","","","","","","","","","","","","","","","","","","","","","","","","","","","","","","","","","","","","","","","","",
"Ireland","IRL","Population living in areas where elevation is below 5 meters (% of total population)","EN.POP.EL5M.ZS","","","","","","","","","","","","","","","","","","","","","","","","","","","","","","","6.875201","","","","","","","","","","6.624217","","","","","","","","","","","","","",
"Iran, Islamic Rep.","IRN","Population living in areas where elevation is below 5 meters (% of total population)","EN.POP.EL5M.ZS","","","","","","","","","","","","","","","","","","","","","","","","","","","","","","","5.116283","","","","","","","","","","4.978386","","","","","","","","","","","","","",
"Iraq","IRQ","Population living in areas where elevation is below 5 meters (% of total population)","EN.POP.EL5M.ZS","","","","","","","","","","","","","","","","","","","","","","","","","","","","","","","6.486346","","","","","","","","","","6.488134","","","","","","","","","","","","","",
"Iceland","ISL","Population living in areas where elevation is below 5 meters (% of total population)","EN.POP.EL5M.ZS","","","","","","","","","","","","","","","","","","","","","","","","","","","","","","","13.45787","","","","","","","","","","13.08911","","","","","","","","","","","","","",
"Israel","ISR","Population living in areas where elevation is below 5 meters (% of total population)","EN.POP.EL5M.ZS","","","","","","","","","","","","","","","","","","","","","","","","","","","","","","","8.29226","","","","","","","","","","8.257503","","","","","","","","","","","","","",
"Italy","ITA","Population living in areas where elevation is below 5 meters (% of total population)","EN.POP.EL5M.ZS","","","","","","","","","","","","","","","","","","","","","","","","","","","","","","","7.627314","","","","","","","","","","7.540614","","","","","","","","","","","","","",
"Jamaica","JAM","Population living in areas where elevation is below 5 meters (% of total population)","EN.POP.EL5M.ZS","","","","","","","","","","","","","","","","","","","","","","","","","","","","","","","5.921655","","","","","","","","","","5.845192","","","","","","","","","","","","","",
"Jordan","JOR","Population living in areas where elevation is below 5 meters (% of total population)","EN.POP.EL5M.ZS","","","","","","","","","","","","","","","","","","","","","","","","","","","","","","","4.194579","","","","","","","","","","4.187482","","","","","","","","","","","","","",
"Japan","JPN","Population living in areas where elevation is below 5 meters (% of total population)","EN.POP.EL5M.ZS","","","","","","","","","","","","","","","","","","","","","","","","","","","","","","","16.33642","","","","","","","","","","16.22966","","","","","","","","","","","","","",
"Kazakhstan","KAZ","Population living in areas where elevation is below 5 meters (% of total population)","EN.POP.EL5M.ZS","","","","","","","","","","","","","","","","","","","","","","","","","","","","","","","3.883971","","","","","","","","","","3.880005","","","","","","","","","","","","","",
"Kenya","KEN","Population living in areas where elevation is below 5 meters (% of total population)","EN.POP.EL5M.ZS","","","","","","","","","","","","","","","","","","","","","","","","","","","","","","","1.318036","","","","","","","","","","1.351918","","","","","","","","","","","","","",
"Kyrgyz Republic","KGZ","Population living in areas where elevation is below 5 meters (% of total population)","EN.POP.EL5M.ZS","","","","","","","","","","","","","","","","","","","","","","","","","","","","","","","0","","","","","","","","","","0","","","","","","","","","","","","","",
"Cambodia","KHM","Population living in areas where elevation is below 5 meters (% of total population)","EN.POP.EL5M.ZS","","","","","","","","","","","","","","","","","","","","","","","","","","","","","","","10.62831","","","","","","","","","","10.57913","","","","","","","","","","","","","",
"Kiribati","KIR","Population living in areas where elevation is below 5 meters (% of total population)","EN.POP.EL5M.ZS","","","","","","","","","","","","","","","","","","","","","","","","","","","","","","","94.16601","","","","","","","","","","95.22124","","","","","","","","","","","","","",
"St. Kitts and Nevis","KNA","Population living in areas where elevation is below 5 meters (% of total population)","EN.POP.EL5M.ZS","","","","","","","","","","","","","","","","","","","","","","","","","","","","","","","22.11988","","","","","","","","","","22.11966","","","","","","","","","","","","","",
"Korea, Rep.","KOR","Population living in areas where elevation is below 5 meters (% of total population)","EN.POP.EL5M.ZS","","","","","","","","","","","","","","","","","","","","","","","","","","","","","","","5.415502","","","","","","","","","","4.960352","","","","","","","","","","","","","",
"Kosovo","KSV","Population living in areas where elevation is below 5 meters (% of total population)","EN.POP.EL5M.ZS","","","","","","","","","","","","","","","","","","","","","","","","","","","","","","","","","","","","","","","","","","","","","","","","","","","","","","",
"Kuwait","KWT","Population living in areas where elevation is below 5 meters (% of total population)","EN.POP.EL5M.ZS","","","","","","","","","","","","","","","","","","","","","","","","","","","","","","","21.31244","","","","","","","","","","22.78367","","","","","","","","","","","","","",
"Latin America & Caribbean (developing only)","LAC","Population living in areas where elevation is below 5 meters (% of total population)","EN.POP.EL5M.ZS","","","","","","","","","","","","","","","","","","","","","","","","","","","","","","","3.85509517970899","","","","","","","","","","3.83656063716121","","","","","","","","","","","","","",
"Lao PDR","LAO","Population living in areas where elevation is below 5 meters (% of total population)","EN.POP.EL5M.ZS","","","","","","","","","","","","","","","","","","","","","","","","","","","","","","","0","","","","","","","","","","0","","","","","","","","","","","","","",
"Lebanon","LBN","Population living in areas where elevation is below 5 meters (% of total population)","EN.POP.EL5M.ZS","","","","","","","","","","","","","","","","","","","","","","","","","","","","","","","9.113449","","","","","","","","","","9.114946","","","","","","","","","","","","","",
"Liberia","LBR","Population living in areas where elevation is below 5 meters (% of total population)","EN.POP.EL5M.ZS","","","","","","","","","","","","","","","","","","","","","","","","","","","","","","","3.354808","","","","","","","","","","3.345975","","","","","","","","","","","","","",
"Libya","LBY","Population living in areas where elevation is below 5 meters (% of total population)","EN.POP.EL5M.ZS","","","","","","","","","","","","","","","","","","","","","","","","","","","","","","","4.712442","","","","","","","","","","4.712481","","","","","","","","","","","","","",
"St. Lucia","LCA","Population living in areas where elevation is below 5 meters (% of total population)","EN.POP.EL5M.ZS","","","","","","","","","","","","","","","","","","","","","","","","","","","","","","","8.024293","","","","","","","","","","8.024293","","","","","","","","","","","","","",
"Latin America & Caribbean (all income levels)","LCN","Population living in areas where elevation is below 5 meters (% of total population)","EN.POP.EL5M.ZS","","","","","","","","","","","","","","","","","","","","","","","","","","","","","","","3.92211912898907","","","","","","","","","","3.88988131157641","","","","","","","","","","","","","",
"Latin America and the Caribbean","LCR","Population living in areas where elevation is below 5 meters (% of total population)","EN.POP.EL5M.ZS","","","","","","","","","","","","","","","","","","","","","","","","","","","","","","","","","","","","","","","","","","","","","","","","","","","","","","",
"Least developed countries: UN classification","LDC","Population living in areas where elevation is below 5 meters (% of total population)","EN.POP.EL5M.ZS","","","","","","","","","","","","","","","","","","","","","","","","","","","","","","","5.64401770743724","","","","","","","","","","5.33943596140693","","","","","","","","","","","","","",
"Low income","LIC","Population living in areas where elevation is below 5 meters (% of total population)","EN.POP.EL5M.ZS","","","","","","","","","","","","","","","","","","","","","","","","","","","","","","","5.582986967036","","","","","","","","","","5.29454182213028","","","","","","","","","","","","","",
"Liechtenstein","LIE","Population living in areas where elevation is below 5 meters (% of total population)","EN.POP.EL5M.ZS","","","","","","","","","","","","","","","","","","","","","","","","","","","","","","","0","","","","","","","","","","0","","","","","","","","","","","","","",
"Sri Lanka","LKA","Population living in areas where elevation is below 5 meters (% of total population)","EN.POP.EL5M.ZS","","","","","","","","","","","","","","","","","","","","","","","","","","","","","","","6.537213","","","","","","","","","","5.442259","","","","","","","","","","","","","",
"Lower middle income","LMC","Population living in areas where elevation is below 5 meters (% of total population)","EN.POP.EL5M.ZS","","","","","","","","","","","","","","","","","","","","","","","","","","","","","","","6.63824482133404","","","","","","","","","","6.4712271101658","","","","","","","","","","","","","",
"Low & middle income","LMY","Population living in areas where elevation is below 5 meters (% of total population)","EN.POP.EL5M.ZS","","","","","","","","","","","","","","","","","","","","","","","","","","","","","","","6.42470305683263","","","","","","","","","","6.4246152456746","","","","","","","","","","","","","",
"Lesotho","LSO","Population living in areas where elevation is below 5 meters (% of total population)","EN.POP.EL5M.ZS","","","","","","","","","","","","","","","","","","","","","","","","","","","","","","","0","","","","","","","","","","0","","","","","","","","","","","","","",
"Lithuania","LTU","Population living in areas where elevation is below 5 meters (% of total population)","EN.POP.EL5M.ZS","","","","","","","","","","","","","","","","","","","","","","","","","","","","","","","3.993077","","","","","","","","","","4.010017","","","","","","","","","","","","","",
"Luxembourg","LUX","Population living in areas where elevation is below 5 meters (% of total population)","EN.POP.EL5M.ZS","","","","","","","","","","","","","","","","","","","","","","","","","","","","","","","0","","","","","","","","","","0","","","","","","","","","","","","","",
"Latvia","LVA","Population living in areas where elevation is below 5 meters (% of total population)","EN.POP.EL5M.ZS","","","","","","","","","","","","","","","","","","","","","","","","","","","","","","","24.84532","","","","","","","","","","23.94287","","","","","","","","","","","","","",
"Macao SAR, China","MAC","Population living in areas where elevation is below 5 meters (% of total population)","EN.POP.EL5M.ZS","","","","","","","","","","","","","","","","","","","","","","","","","","","","","","","93.02621","","","","","","","","","","79.89817","","","","","","","","","","","","","",
"St. Martin (French part)","MAF","Population living in areas where elevation is below 5 meters (% of total population)","EN.POP.EL5M.ZS","","","","","","","","","","","","","","","","","","","","","","","","","","","","","","","","","","","","","","","","","","","","","","","","","","","","","","",
"Morocco","MAR","Population living in areas where elevation is below 5 meters (% of total population)","EN.POP.EL5M.ZS","","","","","","","","","","","","","","","","","","","","","","","","","","","","","","","3.721697","","","","","","","","","","3.750314","","","","","","","","","","","","","",
"Mexico and Central America","MCA","Population living in areas where elevation is below 5 meters (% of total population)","EN.POP.EL5M.ZS","","","","","","","","","","","","","","","","","","","","","","","","","","","","","","","","","","","","","","","","","","","","","","","","","","","","","","",
"Monaco","MCO","Population living in areas where elevation is below 5 meters (% of total population)","EN.POP.EL5M.ZS","","","","","","","","","","","","","","","","","","","","","","","","","","","","","","","99.99999","","","","","","","","","","99.99999","","","","","","","","","","","","","",
"Moldova","MDA","Population living in areas where elevation is below 5 meters (% of total population)","EN.POP.EL5M.ZS","","","","","","","","","","","","","","","","","","","","","","","","","","","","","","","0.9539502","","","","","","","","","","0.9401972","","","","","","","","","","","","","",
"Madagascar","MDG","Population living in areas where elevation is below 5 meters (% of total population)","EN.POP.EL5M.ZS","","","","","","","","","","","","","","","","","","","","","","","","","","","","","","","2.064798","","","","","","","","","","2.034768","","","","","","","","","","","","","",
"Maldives","MDV","Population living in areas where elevation is below 5 meters (% of total population)","EN.POP.EL5M.ZS","","","","","","","","","","","","","","","","","","","","","","","","","","","","","","","100","","","","","","","","","","100","","","","","","","","","","","","","",
"Middle East & North Africa (all income levels)","MEA","Population living in areas where elevation is below 5 meters (% of total population)","EN.POP.EL5M.ZS","","","","","","","","","","","","","","","","","","","","","","","","","","","","","","","9.41145697366785","","","","","","","","","","9.15092823839946","","","","","","","","","","","","","",
"Mexico","MEX","Population living in areas where elevation is below 5 meters (% of total population)","EN.POP.EL5M.ZS","","","","","","","","","","","","","","","","","","","","","","","","","","","","","","","2.682032","","","","","","","","","","2.712069","","","","","","","","","","","","","",
"Marshall Islands","MHL","Population living in areas where elevation is below 5 meters (% of total population)","EN.POP.EL5M.ZS","","","","","","","","","","","","","","","","","","","","","","","","","","","","","","","99.38074","","","","","","","","","","99.42851","","","","","","","","","","","","","",
"Middle income","MIC","Population living in areas where elevation is below 5 meters (% of total population)","EN.POP.EL5M.ZS","","","","","","","","","","","","","","","","","","","","","","","","","","","","","","","6.53918507515793","","","","","","","","","","6.59407564620574","","","","","","","","","","","","","",
"Macedonia, FYR","MKD","Population living in areas where elevation is below 5 meters (% of total population)","EN.POP.EL5M.ZS","","","","","","","","","","","","","","","","","","","","","","","","","","","","","","","0","","","","","","","","","","0","","","","","","","","","","","","","",
"Mali","MLI","Population living in areas where elevation is below 5 meters (% of total population)","EN.POP.EL5M.ZS","","","","","","","","","","","","","","","","","","","","","","","","","","","","","","","0","","","","","","","","","","0","","","","","","","","","","","","","",
"Malta","MLT","Population living in areas where elevation is below 5 meters (% of total population)","EN.POP.EL5M.ZS","","","","","","","","","","","","","","","","","","","","","","","","","","","","","","","22.25467","","","","","","","","","","21.82335","","","","","","","","","","","","","",
"Myanmar","MMR","Population living in areas where elevation is below 5 meters (% of total population)","EN.POP.EL5M.ZS","","","","","","","","","","","","","","","","","","","","","","","","","","","","","","","14.09049","","","","","","","","","","14.0232","","","","","","","","","","","","","",
"Middle East & North Africa (developing only)","MNA","Population living in areas where elevation is below 5 meters (% of total population)","EN.POP.EL5M.ZS","","","","","","","","","","","","","","","","","","","","","","","","","","","","","","","9.79128646313098","","","","","","","","","","9.53217054979961","","","","","","","","","","","","","",
"Montenegro","MNE","Population living in areas where elevation is below 5 meters (% of total population)","EN.POP.EL5M.ZS","","","","","","","","","","","","","","","","","","","","","","","","","","","","","","","","","","","","","","","","","","","","","","","","","","","","","","",
"Mongolia","MNG","Population living in areas where elevation is below 5 meters (% of total population)","EN.POP.EL5M.ZS","","","","","","","","","","","","","","","","","","","","","","","","","","","","","","","0","","","","","","","","","","0","","","","","","","","","","","","","",
"Northern Mariana Islands","MNP","Population living in areas where elevation is below 5 meters (% of total population)","EN.POP.EL5M.ZS","","","","","","","","","","","","","","","","","","","","","","","","","","","","","","","39.28177","","","","","","","","","","39.28058","","","","","","","","","","","","","",
"Mozambique","MOZ","Population living in areas where elevation is below 5 meters (% of total population)","EN.POP.EL5M.ZS","","","","","","","","","","","","","","","","","","","","","","","","","","","","","","","6.458905","","","","","","","","","","6.479798","","","","","","","","","","","","","",
"Mauritania","MRT","Population living in areas where elevation is below 5 meters (% of total population)","EN.POP.EL5M.ZS","","","","","","","","","","","","","","","","","","","","","","","","","","","","","","","19.1975","","","","","","","","","","20.43003","","","","","","","","","","","","","",
"Mauritius","MUS","Population living in areas where elevation is below 5 meters (% of total population)","EN.POP.EL5M.ZS","","","","","","","","","","","","","","","","","","","","","","","","","","","","","","","5.645333","","","","","","","","","","5.645287","","","","","","","","","","","","","",
"Malawi","MWI","Population living in areas where elevation is below 5 meters (% of total population)","EN.POP.EL5M.ZS","","","","","","","","","","","","","","","","","","","","","","","","","","","","","","","0","","","","","","","","","","0","","","","","","","","","","","","","",
"Malaysia","MYS","Population living in areas where elevation is below 5 meters (% of total population)","EN.POP.EL5M.ZS","","","","","","","","","","","","","","","","","","","","","","","","","","","","","","","10.15617","","","","","","","","","","9.478413","","","","","","","","","","","","","",
"North America","NAC","Population living in areas where elevation is below 5 meters (% of total population)","EN.POP.EL5M.ZS","","","","","","","","","","","","","","","","","","","","","","","","","","","","","","","4.16402916727188","","","","","","","","","","4.10708772139484","","","","","","","","","","","","","",
"Namibia","NAM","Population living in areas where elevation is below 5 meters (% of total population)","EN.POP.EL5M.ZS","","","","","","","","","","","","","","","","","","","","","","","","","","","","","","","2.313802","","","","","","","","","","2.903213","","","","","","","","","","","","","",
"New Caledonia","NCL","Population living in areas where elevation is below 5 meters (% of total population)","EN.POP.EL5M.ZS","","","","","","","","","","","","","","","","","","","","","","","","","","","","","","","35.26922","","","","","","","","","","34.28659","","","","","","","","","","","","","",
"Niger","NER","Population living in areas where elevation is below 5 meters (% of total population)","EN.POP.EL5M.ZS","","","","","","","","","","","","","","","","","","","","","","","","","","","","","","","0","","","","","","","","","","0","","","","","","","","","","","","","",
"Nigeria","NGA","Population living in areas where elevation is below 5 meters (% of total population)","EN.POP.EL5M.ZS","","","","","","","","","","","","","","","","","","","","","","","","","","","","","","","3.031621","","","","","","","","","","3.031652","","","","","","","","","","","","","",
"Nicaragua","NIC","Population living in areas where elevation is below 5 meters (% of total population)","EN.POP.EL5M.ZS","","","","","","","","","","","","","","","","","","","","","","","","","","","","","","","1.474728","","","","","","","","","","1.461811","","","","","","","","","","","","","",
"Netherlands","NLD","Population living in areas where elevation is below 5 meters (% of total population)","EN.POP.EL5M.ZS","","","","","","","","","","","","","","","","","","","","","","","","","","","","","","","61.33327","","","","","","","","","","61.32412","","","","","","","","","","","","","",
"High income: nonOECD","NOC","Population living in areas where elevation is below 5 meters (% of total population)","EN.POP.EL5M.ZS","","","","","","","","","","","","","","","","","","","","","","","","","","","","","","","5.99474864414462","","","","","","","","","","5.85635289517796","","","","","","","","","","","","","",
"Norway","NOR","Population living in areas where elevation is below 5 meters (% of total population)","EN.POP.EL5M.ZS","","","","","","","","","","","","","","","","","","","","","","","","","","","","","","","9.341223","","","","","","","","","","9.338212","","","","","","","","","","","","","",
"Nepal","NPL","Population living in areas where elevation is below 5 meters (% of total population)","EN.POP.EL5M.ZS","","","","","","","","","","","","","","","","","","","","","","","","","","","","","","","0","","","","","","","","","","0","","","","","","","","","","","","","",
"New Zealand","NZL","Population living in areas where elevation is below 5 meters (% of total population)","EN.POP.EL5M.ZS","","","","","","","","","","","","","","","","","","","","","","","","","","","","","","","12.32587","","","","","","","","","","12.55922","","","","","","","","","","","","","",
"High income: OECD","OEC","Population living in areas where elevation is below 5 meters (% of total population)","EN.POP.EL5M.ZS","","","","","","","","","","","","","","","","","","","","","","","","","","","","","","","7.58113554081771","","","","","","","","","","7.44745136285187","","","","","","","","","","","","","",
"OECD members","OED","Population living in areas where elevation is below 5 meters (% of total population)","EN.POP.EL5M.ZS","","","","","","","","","","","","","","","","","","","","","","","","","","","","","","","6.84349093850591","","","","","","","","","","6.67962831781781","","","","","","","","","","","","","",
"Oman","OMN","Population living in areas where elevation is below 5 meters (% of total population)","EN.POP.EL5M.ZS","","","","","","","","","","","","","","","","","","","","","","","","","","","","","","","5.433475","","","","","","","","","","5.48451","","","","","","","","","","","","","",
"Other small states","OSS","Population living in areas where elevation is below 5 meters (% of total population)","EN.POP.EL5M.ZS","","","","","","","","","","","","","","","","","","","","","","","","","","","","","","","8.58980566525205","","","","","","","","","","9.01952569506843","","","","","","","","","","","","","",
"Pakistan","PAK","Population living in areas where elevation is below 5 meters (% of total population)","EN.POP.EL5M.ZS","","","","","","","","","","","","","","","","","","","","","","","","","","","","","","","1.268372","","","","","","","","","","1.27542","","","","","","","","","","","","","",
"Panama","PAN","Population living in areas where elevation is below 5 meters (% of total population)","EN.POP.EL5M.ZS","","","","","","","","","","","","","","","","","","","","","","","","","","","","","","","4.050603","","","","","","","","","","3.95295","","","","","","","","","","","","","",
"Peru","PER","Population living in areas where elevation is below 5 meters (% of total population)","EN.POP.EL5M.ZS","","","","","","","","","","","","","","","","","","","","","","","","","","","","","","","1.727219","","","","","","","","","","1.714813","","","","","","","","","","","","","",
"Philippines","PHL","Population living in areas where elevation is below 5 meters (% of total population)","EN.POP.EL5M.ZS","","","","","","","","","","","","","","","","","","","","","","","","","","","","","","","10.72976","","","","","","","","","","10.53193","","","","","","","","","","","","","",
"Palau","PLW","Population living in areas where elevation is below 5 meters (% of total population)","EN.POP.EL5M.ZS","","","","","","","","","","","","","","","","","","","","","","","","","","","","","","","56.51813","","","","","","","","","","55.5714","","","","","","","","","","","","","",
"Papua New Guinea","PNG","Population living in areas where elevation is below 5 meters (% of total population)","EN.POP.EL5M.ZS","","","","","","","","","","","","","","","","","","","","","","","","","","","","","","","2.020935","","","","","","","","","","2.020936","","","","","","","","","","","","","",
"Poland","POL","Population living in areas where elevation is below 5 meters (% of total population)","EN.POP.EL5M.ZS","","","","","","","","","","","","","","","","","","","","","","","","","","","","","","","2.472775","","","","","","","","","","2.492365","","","","","","","","","","","","","",
"Puerto Rico","PRI","Population living in areas where elevation is below 5 meters (% of total population)","EN.POP.EL5M.ZS","","","","","","","","","","","","","","","","","","","","","","","","","","","","","","","11.83544","","","","","","","","","","11.30101","","","","","","","","","","","","","",
"Korea, Dem. Rep.","PRK","Population living in areas where elevation is below 5 meters (% of total population)","EN.POP.EL5M.ZS","","","","","","","","","","","","","","","","","","","","","","","","","","","","","","","5.265922","","","","","","","","","","5.265721","","","","","","","","","","","","","",
"Portugal","PRT","Population living in areas where elevation is below 5 meters (% of total population)","EN.POP.EL5M.ZS","","","","","","","","","","","","","","","","","","","","","","","","","","","","","","","5.078459","","","","","","","","","","5.24842","","","","","","","","","","","","","",
"Paraguay","PRY","Population living in areas where elevation is below 5 meters (% of total population)","EN.POP.EL5M.ZS","","","","","","","","","","","","","","","","","","","","","","","","","","","","","","","0","","","","","","","","","","0","","","","","","","","","","","","","",
"Pacific island small states","PSS","Population living in areas where elevation is below 5 meters (% of total population)","EN.POP.EL5M.ZS","","","","","","","","","","","","","","","","","","","","","","","","","","","","","","","22.4522031908839","","","","","","","","","","22.13493462614","","","","","","","","","","","","","",
"French Polynesia","PYF","Population living in areas where elevation is below 5 meters (% of total population)","EN.POP.EL5M.ZS","","","","","","","","","","","","","","","","","","","","","","","","","","","","","","","19.49905","","","","","","","","","","19.84311","","","","","","","","","","","","","",
"Qatar","QAT","Population living in areas where elevation is below 5 meters (% of total population)","EN.POP.EL5M.ZS","","","","","","","","","","","","","","","","","","","","","","","","","","","","","","","25.28502","","","","","","","","","","23.07667","","","","","","","","","","","","","",
"Romania","ROU","Population living in areas where elevation is below 5 meters (% of total population)","EN.POP.EL5M.ZS","","","","","","","","","","","","","","","","","","","","","","","","","","","","","","","2.872109","","","","","","","","","","2.891963","","","","","","","","","","","","","",
"Russian Federation","RUS","Population living in areas where elevation is below 5 meters (% of total population)","EN.POP.EL5M.ZS","","","","","","","","","","","","","","","","","","","","","","","","","","","","","","","3.277586","","","","","","","","","","2.877748","","","","","","","","","","","","","",
"Rwanda","RWA","Population living in areas where elevation is below 5 meters (% of total population)","EN.POP.EL5M.ZS","","","","","","","","","","","","","","","","","","","","","","","","","","","","","","","0","","","","","","","","","","0","","","","","","","","","","","","","",
"South Asia","SAS","Population living in areas where elevation is below 5 meters (% of total population)","EN.POP.EL5M.ZS","","","","","","","","","","","","","","","","","","","","","","","","","","","","","","","4.54757054870802","","","","","","","","","","4.40138529146088","","","","","","","","","","","","","",
"Saudi Arabia","SAU","Population living in areas where elevation is below 5 meters (% of total population)","EN.POP.EL5M.ZS","","","","","","","","","","","","","","","","","","","","","","","","","","","","","","","1.026227","","","","","","","","","","1.021817","","","","","","","","","","","","","",
"Southern Cone Extended","SCE","Population living in areas where elevation is below 5 meters (% of total population)","EN.POP.EL5M.ZS","","","","","","","","","","","","","","","","","","","","","","","","","","","","","","","","","","","","","","","","","","","","","","","","","","","","","","",
"Sudan","SDN","Population living in areas where elevation is below 5 meters (% of total population)","EN.POP.EL5M.ZS","","","","","","","","","","","","","","","","","","","","","","","","","","","","","","","0.2159844","","","","","","","","","","0.2237731","","","","","","","","","","","","","",
"Senegal","SEN","Population living in areas where elevation is below 5 meters (% of total population)","EN.POP.EL5M.ZS","","","","","","","","","","","","","","","","","","","","","","","","","","","","","","","14.38167","","","","","","","","","","14.77128","","","","","","","","","","","","","",
"Singapore","SGP","Population living in areas where elevation is below 5 meters (% of total population)","EN.POP.EL5M.ZS","","","","","","","","","","","","","","","","","","","","","","","","","","","","","","","12.03938","","","","","","","","","","12.05026","","","","","","","","","","","","","",
"Solomon Islands","SLB","Population living in areas where elevation is below 5 meters (% of total population)","EN.POP.EL5M.ZS","","","","","","","","","","","","","","","","","","","","","","","","","","","","","","","13.31739","","","","","","","","","","13.39024","","","","","","","","","","","","","",
"Sierra Leone","SLE","Population living in areas where elevation is below 5 meters (% of total population)","EN.POP.EL5M.ZS","","","","","","","","","","","","","","","","","","","","","","","","","","","","","","","4.86552","","","","","","","","","","5.057095","","","","","","","","","","","","","",
"El Salvador","SLV","Population living in areas where elevation is below 5 meters (% of total population)","EN.POP.EL5M.ZS","","","","","","","","","","","","","","","","","","","","","","","","","","","","","","","1.690784","","","","","","","","","","1.723826","","","","","","","","","","","","","",
"San Marino","SMR","Population living in areas where elevation is below 5 meters (% of total population)","EN.POP.EL5M.ZS","","","","","","","","","","","","","","","","","","","","","","","","","","","","","","","0","","","","","","","","","","0","","","","","","","","","","","","","",
"Somalia","SOM","Population living in areas where elevation is below 5 meters (% of total population)","EN.POP.EL5M.ZS","","","","","","","","","","","","","","","","","","","","","","","","","","","","","","","1.766045","","","","","","","","","","2.151358","","","","","","","","","","","","","",
"Serbia","SRB","Population living in areas where elevation is below 5 meters (% of total population)","EN.POP.EL5M.ZS","","","","","","","","","","","","","","","","","","","","","","","","","","","","","","","0.08998014","","","","","","","","","","0.09034837","","","","","","","","","","","","","",
"Sub-Saharan Africa (developing only)","SSA","Population living in areas where elevation is below 5 meters (% of total population)","EN.POP.EL5M.ZS","","","","","","","","","","","","","","","","","","","","","","","","","","","","","","","1.99551168017532","","","","","","","","","","1.99747554966975","","","","","","","","","","","","","",
"South Sudan","SSD","Population living in areas where elevation is below 5 meters (% of total population)","EN.POP.EL5M.ZS","","","","","","","","","","","","","","","","","","","","","","","","","","","","","","","","","","","","","","","","","","","","","","","","","","","","","","",
"Sub-Saharan Africa (all income levels)","SSF","Population living in areas where elevation is below 5 meters (% of total population)","EN.POP.EL5M.ZS","","","","","","","","","","","","","","","","","","","","","","","","","","","","","","","1.99583365593866","","","","","","","","","","1.99796861538276","","","","","","","","","","","","","",
"Small states","SST","Population living in areas where elevation is below 5 meters (% of total population)","EN.POP.EL5M.ZS","","","","","","","","","","","","","","","","","","","","","","","","","","","","","","","12.208099546599","","","","","","","","","","12.3214039982075","","","","","","","","","","","","","",
"Sao Tome and Principe","STP","Population living in areas where elevation is below 5 meters (% of total population)","EN.POP.EL5M.ZS","","","","","","","","","","","","","","","","","","","","","","","","","","","","","","","11.09435","","","","","","","","","","11.09405","","","","","","","","","","","","","",
"Suriname","SUR","Population living in areas where elevation is below 5 meters (% of total population)","EN.POP.EL5M.ZS","","","","","","","","","","","","","","","","","","","","","","","","","","","","","","","64.42828","","","","","","","","","","68.21855","","","","","","","","","","","","","",
"Slovak Republic","SVK","Population living in areas where elevation is below 5 meters (% of total population)","EN.POP.EL5M.ZS","","","","","","","","","","","","","","","","","","","","","","","","","","","","","","","0","","","","","","","","","","0","","","","","","","","","","","","","",
"Slovenia","SVN","Population living in areas where elevation is below 5 meters (% of total population)","EN.POP.EL5M.ZS","","","","","","","","","","","","","","","","","","","","","","","","","","","","","","","1.32785","","","","","","","","","","1.304086","","","","","","","","","","","","","",
"Sweden","SWE","Population living in areas where elevation is below 5 meters (% of total population)","EN.POP.EL5M.ZS","","","","","","","","","","","","","","","","","","","","","","","","","","","","","","","6.007809","","","","","","","","","","6.312298","","","","","","","","","","","","","",
"Swaziland","SWZ","Population living in areas where elevation is below 5 meters (% of total population)","EN.POP.EL5M.ZS","","","","","","","","","","","","","","","","","","","","","","","","","","","","","","","0","","","","","","","","","","0","","","","","","","","","","","","","",
"Sint Maarten (Dutch part)","SXM","Population living in areas where elevation is below 5 meters (% of total population)","EN.POP.EL5M.ZS","","","","","","","","","","","","","","","","","","","","","","","","","","","","","","","","","","","","","","","","","","","","","","","","","","","","","","",
"Seychelles","SYC","Population living in areas where elevation is below 5 meters (% of total population)","EN.POP.EL5M.ZS","","","","","","","","","","","","","","","","","","","","","","","","","","","","","","","41.33456","","","","","","","","","","41.33482","","","","","","","","","","","","","",
"Syrian Arab Republic","SYR","Population living in areas where elevation is below 5 meters (% of total population)","EN.POP.EL5M.ZS","","","","","","","","","","","","","","","","","","","","","","","","","","","","","","","0.3049088","","","","","","","","","","0.3050168","","","","","","","","","","","","","",
"Turks and Caicos Islands","TCA","Population living in areas where elevation is below 5 meters (% of total population)","EN.POP.EL5M.ZS","","","","","","","","","","","","","","","","","","","","","","","","","","","","","","","53.27269","","","","","","","","","","53.27269","","","","","","","","","","","","","",
"Chad","TCD","Population living in areas where elevation is below 5 meters (% of total population)","EN.POP.EL5M.ZS","","","","","","","","","","","","","","","","","","","","","","","","","","","","","","","0","","","","","","","","","","0","","","","","","","","","","","","","",
"Togo","TGO","Population living in areas where elevation is below 5 meters (% of total population)","EN.POP.EL5M.ZS","","","","","","","","","","","","","","","","","","","","","","","","","","","","","","","6.115709","","","","","","","","","","6.118247","","","","","","","","","","","","","",
"Thailand","THA","Population living in areas where elevation is below 5 meters (% of total population)","EN.POP.EL5M.ZS","","","","","","","","","","","","","","","","","","","","","","","","","","","","","","","12.15646","","","","","","","","","","13.77714","","","","","","","","","","","","","",
"Tajikistan","TJK","Population living in areas where elevation is below 5 meters (% of total population)","EN.POP.EL5M.ZS","","","","","","","","","","","","","","","","","","","","","","","","","","","","","","","0","","","","","","","","","","0","","","","","","","","","","","","","",
"Turkmenistan","TKM","Population living in areas where elevation is below 5 meters (% of total population)","EN.POP.EL5M.ZS","","","","","","","","","","","","","","","","","","","","","","","","","","","","","","","5.636106","","","","","","","","","","5.636103","","","","","","","","","","","","","",
"Timor-Leste","TLS","Population living in areas where elevation is below 5 meters (% of total population)","EN.POP.EL5M.ZS","","","","","","","","","","","","","","","","","","","","","","","","","","","","","","","4.398214","","","","","","","","","","4.393636","","","","","","","","","","","","","",
"Tonga","TON","Population living in areas where elevation is below 5 meters (% of total population)","EN.POP.EL5M.ZS","","","","","","","","","","","","","","","","","","","","","","","","","","","","","","","31.8894","","","","","","","","","","31.31068","","","","","","","","","","","","","",
"Trinidad and Tobago","TTO","Population living in areas where elevation is below 5 meters (% of total population)","EN.POP.EL5M.ZS","","","","","","","","","","","","","","","","","","","","","","","","","","","","","","","7.552062","","","","","","","","","","7.457944","","","","","","","","","","","","","",
"Tunisia","TUN","Population living in areas where elevation is below 5 meters (% of total population)","EN.POP.EL5M.ZS","","","","","","","","","","","","","","","","","","","","","","","","","","","","","","","9.422151","","","","","","","","","","9.526479","","","","","","","","","","","","","",
"Turkey","TUR","Population living in areas where elevation is below 5 meters (% of total population)","EN.POP.EL5M.ZS","","","","","","","","","","","","","","","","","","","","","","","","","","","","","","","2.270489","","","","","","","","","","2.383424","","","","","","","","","","","","","",
"Tuvalu","TUV","Population living in areas where elevation is below 5 meters (% of total population)","EN.POP.EL5M.ZS","","","","","","","","","","","","","","","","","","","","","","","","","","","","","","","100","","","","","","","","","","99.99996","","","","","","","","","","","","","",
"Tanzania","TZA","Population living in areas where elevation is below 5 meters (% of total population)","EN.POP.EL5M.ZS","","","","","","","","","","","","","","","","","","","","","","","","","","","","","","","1.28487","","","","","","","","","","1.292692","","","","","","","","","","","","","",
"Uganda","UGA","Population living in areas where elevation is below 5 meters (% of total population)","EN.POP.EL5M.ZS","","","","","","","","","","","","","","","","","","","","","","","","","","","","","","","0","","","","","","","","","","0","","","","","","","","","","","","","",
"Ukraine","UKR","Population living in areas where elevation is below 5 meters (% of total population)","EN.POP.EL5M.ZS","","","","","","","","","","","","","","","","","","","","","","","","","","","","","","","2.014135","","","","","","","","","","2.066859","","","","","","","","","","","","","",
"Upper middle income","UMC","Population living in areas where elevation is below 5 meters (% of total population)","EN.POP.EL5M.ZS","","","","","","","","","","","","","","","","","","","","","","","","","","","","","","","6.44976731207667","","","","","","","","","","6.71218597974455","","","","","","","","","","","","","",
"Uruguay","URY","Population living in areas where elevation is below 5 meters (% of total population)","EN.POP.EL5M.ZS","","","","","","","","","","","","","","","","","","","","","","","","","","","","","","","4.774252","","","","","","","","","","4.706931","","","","","","","","","","","","","",
"United States","USA","Population living in areas where elevation is below 5 meters (% of total population)","EN.POP.EL5M.ZS","","","","","","","","","","","","","","","","","","","","","","","","","","","","","","","4.169981","","","","","","","","","","4.102634","","","","","","","","","","","","","",
"Uzbekistan","UZB","Population living in areas where elevation is below 5 meters (% of total population)","EN.POP.EL5M.ZS","","","","","","","","","","","","","","","","","","","","","","","","","","","","","","","0.0005100727","","","","","","","","","","0.000511343","","","","","","","","","","","","","",
"St. Vincent and the Grenadines","VCT","Population living in areas where elevation is below 5 meters (% of total population)","EN.POP.EL5M.ZS","","","","","","","","","","","","","","","","","","","","","","","","","","","","","","","21.95772","","","","","","","","","","21.95772","","","","","","","","","","","","","",
"Venezuela, RB","VEN","Population living in areas where elevation is below 5 meters (% of total population)","EN.POP.EL5M.ZS","","","","","","","","","","","","","","","","","","","","","","","","","","","","","","","3.586734","","","","","","","","","","3.67944","","","","","","","","","","","","","",
"Virgin Islands (U.S.)","VIR","Population living in areas where elevation is below 5 meters (% of total population)","EN.POP.EL5M.ZS","","","","","","","","","","","","","","","","","","","","","","","","","","","","","","","21.94076","","","","","","","","","","21.93975","","","","","","","","","","","","","",
"Vietnam","VNM","Population living in areas where elevation is below 5 meters (% of total population)","EN.POP.EL5M.ZS","","","","","","","","","","","","","","","","","","","","","","","","","","","","","","","42.80487","","","","","","","","","","42.81091","","","","","","","","","","","","","",
"Vanuatu","VUT","Population living in areas where elevation is below 5 meters (% of total population)","EN.POP.EL5M.ZS","","","","","","","","","","","","","","","","","","","","","","","","","","","","","","","10.75522","","","","","","","","","","10.84096","","","","","","","","","","","","","",
"West Bank and Gaza","PSE","Population living in areas where elevation is below 5 meters (% of total population)","EN.POP.EL5M.ZS","","","","","","","","","","","","","","","","","","","","","","","","","","","","","","","11.20395","","","","","","","","","","11.2353","","","","","","","","","","","","","",
"World","WLD","Population living in areas where elevation is below 5 meters (% of total population)","EN.POP.EL5M.ZS","","","","","","","","","","","","","","","","","","","","","","","","","","","","","","","6.6076313312734","","","","","","","","","","6.56740233347143","","","","","","","","","","","","","",
"Samoa","WSM","Population living in areas where elevation is below 5 meters (% of total population)","EN.POP.EL5M.ZS","","","","","","","","","","","","","","","","","","","","","","","","","","","","","","","15.64693","","","","","","","","","","15.64689","","","","","","","","","","","","","",
"Yemen, Rep.","YEM","Population living in areas where elevation is below 5 meters (% of total population)","EN.POP.EL5M.ZS","","","","","","","","","","","","","","","","","","","","","","","","","","","","","","","1.844212","","","","","","","","","","1.844291","","","","","","","","","","","","","",
"South Africa","ZAF","Population living in areas where elevation is below 5 meters (% of total population)","EN.POP.EL5M.ZS","","","","","","","","","","","","","","","","","","","","","","","","","","","","","","","0.5116804","","","","","","","","","","0.4960424","","","","","","","","","","","","","",
"Congo, Dem. Rep.","COD","Population living in areas where elevation is below 5 meters (% of total population)","EN.POP.EL5M.ZS","","","","","","","","","","","","","","","","","","","","","","","","","","","","","","","0.03693746","","","","","","","","","","0.03694646","","","","","","","","","","","","","",
"Zambia","ZMB","Population living in areas where elevation is below 5 meters (% of total population)","EN.POP.EL5M.ZS","","","","","","","","","","","","","","","","","","","","","","","","","","","","","","","0","","","","","","","","","","0","","","","","","","","","","","","","",
"Zimbabwe","ZWE","Population living in areas where elevation is below 5 meters (% of total population)","EN.POP.EL5M.ZS","","","","","","","","","","","","","","","","","","","","","","","","","","","","","","","0","","","","","","","","","","0","","","","","","","","","","","","","",
