Alpha-3,Country name,Population living below $1.25 a day
ABW,Aruba,
ADO,Andorra,
AFG,Afghanistan,
AGO,Angola,10363386.41
ALB,Albania,19866.5608
ARE,United Arab Emirates,
ARG,Argentina,351587.6712
ARM,Armenia,39578.5216
ASM,American Samoa,
ATG,Antigua and Barbuda,
AUS,Australia,
AUT,Austria,
AZE,Azerbaijan,94098.4928
BDI,Burundi,6816932.807
BEL,Belgium,
BEN,Benin,4188653.884
BFA,Burkina Faso,9311410.896
BGD,Bangladesh,73810773.83
BGR,Bulgaria,78450.58
BHR,Bahrain,
BHS,"Bahamas, The",
BIH,Bosnia and Herzegovina,1504.0596
BLR,Belarus,9490.5
BLZ,Belize,42604.92
BMU,Bermuda,
BOL,Bolivia,1354431.404
BRA,Brazil,7407965.86
BRB,Barbados,
BRN,Brunei Darussalam,
BTN,Bhutan,190414.062
BWA,Botswana,626768.9235
CAF,Central African Republic,2765180.343
CAN,Canada,
CHE,Switzerland,
CHI,Channel Islands,
CHL,Chile,
CHN,China,213057282.2
CIV,Cote d'Ivoire,4687727.5
CMR,Cameroon,1873653.788
COG,"Congo, Rep.",2187208.359
COK,Cook Islands,
COL,Colombia,7411804.044
COM,Comoros,338793.225
CPV,Cape Verde,104258.9898
CRI,Costa Rica,30282.7655
CUB,Cuba,
CUW,Curacao,
CYM,Cayman Islands,
CYP,Cyprus,
CZE,Czech Republic,13682.617
DEU,Germany,
DJI,Djibouti,167434.0944
DMA,Dominica,
DNK,Denmark,
DOM,Dominican Republic,425882.028
DZA,Algeria,2408291.323
EAP,East Asia & Pacific,329149277.2
ECA,Europe & Central Asia,14866934.05
ECU,Ecuador,640787.9377
EGY,"Egypt, Arab Rep.",1614309.432
EMU,Euro area,
ERI,Eritrea,
ESP,Spain,
EST,Estonia,6162.3716
ETH,Ethiopia,32383500.81
FIN,Finland,
FJI,Fiji,
FRA,France,
FRO,Faeroe Islands,
FSM,"Micronesia, Fed. Sts.",34596.436
GAB,Gabon,72864.4092
GBR,United Kingdom,
GEO,Georgia,679942.56
GHA,Ghana,7315107.718
GIB,Gibraltar,
GIN,Guinea,4326021.106
GMB,"Gambia, The",593530.4996
GNB,Guinea-Bissau,739883.8792
GNQ,Equatorial Guinea,
GRC,Greece,
GRD,Grenada,
GRL,Greenland,
GTM,Guatemala,1683504.693
GUM,Guam,
GUY,Guyana,65640.891
HIC,High income,
HKG,"Hong Kong SAR, China",
HND,Honduras,1767121.83
HRV,Croatia,2654.496878
HTI,Haiti,5486292.603
HUN,Hungary,17014.7951
IDN,Indonesia,44927826.5
IMY,Isle of Man,
IND,India,487578583.2
IRL,Ireland,
IRN,"Iran, Islamic Rep.",1072617.635
IRQ,Iraq,1287639.097
ISL,Iceland,
ISR,Israel,
ITA,Italy,
JAM,Jamaica,6485.52
JOR,Jordan,22978.6
JPN,Japan,
KAZ,Kazakhstan,27737.285
KEN,Kenya,7989100.89
KGZ,Kyrgyz Republic,101938.1824
KHM,Cambodia,3996884.689
KIR,Kiribati,
KNA,St. Kitts and Nevis,
KOR,"Korea, Rep.",
KSV,Kosovo,
KWT,Kuwait,
LAC,Latin America & Caribbean,47303411.92
LAO,Lao PDR,2100862.887
LBN,Lebanon,
LBR,Liberia,3341083.053
LBY,Libya,
LCA,St. Lucia,36418.2
LIC,Low income,
LIE,Liechtenstein,
LKA,Sri Lanka,1468540.41
LMC,Lower middle income,
LMY,Low & middle income,1438660515
LSO,Lesotho,942569.1438
LTU,Lithuania,5313.0496
LUX,Luxembourg,
LVA,Latvia,7625.9144
MAC,"Macao SAR, China",
MAF,St. Martin (French part),
MAR,Morocco,798785.3
MCO,Monaco,
MDA,Moldova,66254.3532
MDG,Madagascar,14050183.43
MDV,Maldives,4675.098
MEX,Mexico,2030272.541
MHL,Marshall Islands,
MIC,Middle income,
MKD,"Macedonia, FYR",5975.6327
MLI,Mali,7904692.769
MLT,Malta,
MMR,Myanmar,
MNA,Middle East & North Africa,12058005.96
MNE,Montenegro,568.341
MNG,Mongolia,616793.0238
MNP,Northern Mariana Islands,
MOZ,Mozambique,13936217.79
MRT,Mauritania,732087.9668
MUS,Mauritius,
MWI,Malawi,11005761.16
MYS,Malaysia,
MYT,Mayotte,
NAM,Namibia,1122008.215
NCL,New Caledonia,
NER,Niger,6684100.548
NGA,Nigeria,102040371.5
NIC,Nicaragua,915108.5703
NIU,Niue,
NLD,Netherlands,
NOR,Norway,
NPL,Nepal,16513601.44
NRU,Nauru,
NZL,New Zealand,
OMN,Oman,
PAK,Pakistan,39197385.88
PAN,Panama,83348.634
PER,Peru,1715514.208
PHL,Philippines,21095592.51
PLW,Palau,
PNG,Papua New Guinea,2456630.881
POL,Poland,26731.2416
PRI,Puerto Rico,
PRK,"Korea, Dem. Rep.",
PRT,Portugal,
PRY,Paraguay,327891.0384
PYF,French Polynesia,
QAT,Qatar,
ROM,Romania,107210.06
RUS,Russian Federation,
RWA,Rwanda,8158173.44
SAS,South Asia,637158085.1
SAU,Saudi Arabia,
SDN,Sudan,
SEN,Senegal,4165298.88
SGP,Singapore,
SID,Small island developing states,
SLB,Solomon Islands,
SLE,Sierra Leone,3131503.963
SLV,El Salvador,316461.9423
SMR,San Marino,
SOM,Somalia,
SRB,Serbia,10209.6036
SSA,Sub-Saharan Africa,434550565.1
STP,Sao Tome and Principe,49106.3693
SUR,Suriname,81528.4344
SVK,Slovak Republic,14126.9856
SVN,Slovenia,1231.6926
SWE,Sweden,
SWZ,Swaziland,745436.196
SXM,Sint Maarten (Dutch part),
SYC,Seychelles,216.3125
SYR,Syrian Arab Republic,349637.0066
TCA,Turks and Caicos Islands,
TCD,Chad,6954132.635
TGO,Togo,2331552.266
THA,Thailand,276488.936
TJK,Tajikistan,1478219.091
TKM,Turkmenistan,1251423.159
TMP,Timor-Leste,420958.512
TON,Tonga,
TTO,Trinidad and Tobago,55804.944
TUN,Tunisia,269002.05
TUR,Turkey,1978863.24
TUV,Tuvalu,
TZA,Tanzania,30433740.09
UGA,Uganda,12611132.9
UKR,Ukraine,18348.28
UMC,Upper middle income,
URY,Uruguay,1006.9752
USA,United States,
UZB,Uzbekistan,13032615.24
VCT,St. Vincent and the Grenadines,
VEN,"Venezuela, RB",856369.8
VIR,Virgin Islands (U.S.),
VNM,Vietnam,11362595.9
VUT,Vanuatu,
WBG,West Bank and Gaza,
WLD,World,
WSM,Samoa,
YEM,"Yemen, Rep.",
ZAF,South Africa,8673490.55
ZAR,"Congo, Dem. Rep.",39064943.8
ZMB,Zambia,
ZWE,Zimbabwe,